{
  "project_info": {
    "project_number": "462431480568",
    "project_id": "howlstagram-bc597",
    "storage_bucket": "howlstagram-bc597.appspot.com"
  },
  "client": [
    {
      "client_info": {
        "mobilesdk_app_id": "1:462431480568:android:03d2d2f7b5c600ad46690d",
        "android_client_info": {
          "package_name": "com.example.howlstagram"
        }
      },
      "oauth_client": [
        {
          "client_id": "462431480568-qnh49c9jf1kdi7c82l6h5ee0dqjajars.apps.googleusercontent.com",
          "client_type": 3
        }
      ],
      "api_key": [
        {
          "current_key": "AIzaSyBhllufETkgEkljSVAXFPtbCOSoxHb35hQ"
        }
      ],
      "services": {
        "appinvite_service": {
          "other_platform_oauth_client": [
            {
              "client_id": "462431480568-qnh49c9jf1kdi7c82l6h5ee0dqjajars.apps.googleusercontent.com",
              "client_type": 3
            }
          ]
        }
      }
    },
    {
      "client_info": {
        "mobilesdk_app_id": "1:462431480568:android:178324848ec701f246690d",
        "android_client_info": {
          "package_name": "com.example.myapplication"
        }
      },
      "oauth_client": [
        {
          "client_id": "462431480568-qnh49c9jf1kdi7c82l6h5ee0dqjajars.apps.googleusercontent.com",
          "client_type": 3
        }
      ],
      "api_key": [
        {
          "current_key": "AIzaSyBhllufETkgEkljSVAXFPtbCOSoxHb35hQ"
        }
      ],
      "services": {
        "appinvite_service": {
          "other_platform_oauth_client": [
            {
              "client_id": "462431480568-qnh49c9jf1kdi7c82l6h5ee0dqjajars.apps.googleusercontent.com",
              "client_type": 3
            }
          ]
        }
      }
    }
  ],
  "configuration_version": "1"
}